rank,name,hotValue
1,中国-中亚峰会全家福见证友谊,1155.3万
2,可恶居然被TA撩到了,1152.4万
3,自己摆摊当老板有多快乐,1124.7万
4,中国航天永无止境,1071.1万
5,我和健身搭子的体型差,1010.6万
6,520应该送什么,1001.2万
7,爱上你的每一天都很开心,910.5万
8,浪漫至死不渝,908.4万
9,付国豪父亲发帖喊话胡锡进,904.9万
10,Queencard舞蹈挑战,898.1万
11,蓝朋友的生活好欢乐,898万
12,关爱留守儿童,886.6万
13,今日A股缩量下跌成交8480亿,872.5万
14,不收有纹身的应聘者对不对,864.9万
15,喜欢就在520表白吧,864.4万
16,论摄影师的重要性,838.7万
17,全网都在散装歌曲挑战赛,838.5万
18,100块能在淄博吃到多少烧烤,838.3万
19,直击俄乌激烈战场,838.1万
20,5月19日股市内容早评,824.6万
21,大国外交最前线,823.5万
22,吴谢宇弑母案二审今开庭,823.4万
23,养牛的生活累并快乐着,823.2万
24,多巴胺穿衣法则讲究五颜六色,823万
25,专家解析俄乌战事,822.7万
26,变装版卡卡舞申请出战,822.5万
27,参加了一场婚礼,821.9万
28,什么是以学增智,821.8万
29,打开手机体验一下北斗导航吧,814.3万
30,将油腻进行到底了是吧,806.3万
31,感受真正的人间烟火,799.2万
32,这就是爱情该有的模样,798万
33,幸福本该如此简单,796.7万
34,乡村美食散发烟火魅力,791.4万
35,爱对了人520每天都过,790.5万
36,baby you手势舞,790.4万
37,无法忘怀的乡村美味,790.2万
38,小孩子的快乐总是那么简单,790万
39,第一次直面BE的遗憾,789.8万
40,钓鱼佬的戏真多,786.7万
41,婚姻带给了女人什么,785.9万
42,520嫁给爱情,782.1万
43,520就要奔向浪漫,777.8万
44,养蜂人的生活,776.1万
45,游戏版dieforyou卡点,775.9万
46,袅袅炊烟就是向往的生活,769.9万
47,天曜雁回以命换命,768.7万
48,青年失业率超20%该怎么办,764万
49,吃出街头美食新花样,763.5万
50,大货车司机的真实生活,754.6万
